-- 2013-07-17
-- Script d'insertion des données de test.

USE naoned_test

--
-- Dumping data for table `categorie`
--

DELETE FROM categorie;
TRUNCATE categorie;

INSERT INTO `categorie` (`cat_id`, `cat_label`, `cat_parent`) VALUES(1, 'SomeCategory', NULL);
INSERT INTO `categorie` (`cat_id`, `cat_label`, `cat_parent`) VALUES(2, 'SomeOtherCategory', NULL);
INSERT INTO `categorie` (`cat_id`, `cat_label`, `cat_parent`) VALUES(3, 'foo', 1);
INSERT INTO `categorie` (`cat_id`, `cat_label`, `cat_parent`) VALUES(4, 'bar', 1);
INSERT INTO `categorie` (`cat_id`, `cat_label`, `cat_parent`) VALUES(5, 'baz', 2);
INSERT INTO `categorie` (`cat_id`, `cat_label`, `cat_parent`) VALUES(6, 'dummy', 3);

--
-- Dumping data for table `fiche`
--

INSERT INTO `fiche` (`fi_id`, `fi_label`, `fi_description`) VALUES(1, 'titre', '<p>Death star rebel spies Master Yoda. Greedo you''re my only hope Corellian ship. Return of the jedi C3P0 protocol droid Dantooinepower converters. Emperor do or do not R2D2. Tie fighter Jabba the Hutt may the Force be with you many Bothans died to bring us this information hokey religions Coruscant. </p><pIce planet Hoth Alderaan trench run Tusken raider spice mines Mos Eisley. Jedi knight great pit of Carkoon who you calling scruffy-looking help me Obi-Wan Kenobi. The dark side the Force is strong with this one Tosche Station. Thermal detonator I''d just as soon kiss a wookiee let the wookiee win land strider Chewbacca. Rebel alliance Yoda galactic republic. Carbonite Tatooine use the force a new hope wretched hive of scum and villainy I''ve got a very bad feeling about this. </p>');
INSERT INTO `fiche` (`fi_id`, `fi_label`, `fi_description`) VALUES(2, 'lalala', '<p>Death star rebel spies Master Yoda. Greedo you''re my only hope Corellian ship. Return of the jedi C3P0 protocol droid Dantooinepower converters. Emperor do or do not R2D2. Tie fighter Jabba the Hutt may the Force be with you many Bothans died to bring us this information hokey religions Coruscant. </p><pIce planet Hoth Alderaan trench run Tusken raider spice mines Mos Eisley. Jedi knight great pit of Carkoon who you calling scruffy-looking help me Obi-Wan Kenobi. The dark side the Force is strong with this one Tosche Station. Thermal detonator I''d just as soon kiss a wookiee let the wookiee win land strider Chewbacca. Rebel alliance Yoda galactic republic. Carbonite Tatooine use the force a new hope wretched hive of scum and villainy I''ve got a very bad feeling about this. </p>');
INSERT INTO `fiche` (`fi_id`, `fi_label`, `fi_description`) VALUES(3, 'poney', '<p>Death star rebel spies Master Yoda. Greedo you''re my only hope Corellian ship. Return of the jedi C3P0 protocol droid Dantooinepower converters. Emperor do or do not R2D2. Tie fighter Jabba the Hutt may the Force be with you many Bothans died to bring us this information hokey religions Coruscant. </p><pIce planet Hoth Alderaan trench run Tusken raider spice mines Mos Eisley. Jedi knight great pit of Carkoon who you calling scruffy-looking help me Obi-Wan Kenobi. The dark side the Force is strong with this one Tosche Station. Thermal detonator I''d just as soon kiss a wookiee let the wookiee win land strider Chewbacca. Rebel alliance Yoda galactic republic. Carbonite Tatooine use the force a new hope wretched hive of scum and villainy I''ve got a very bad feeling about this. </p>');
INSERT INTO `fiche` (`fi_id`, `fi_label`, `fi_description`) VALUES(4, 'dummy', '<p>Death star rebel spies Master Yoda. Greedo you''re my only hope Corellian ship. Return of the jedi C3P0 protocol droid Dantooinepower converters. Emperor do or do not R2D2. Tie fighter Jabba the Hutt may the Force be with you many Bothans died to bring us this information hokey religions Coruscant. </p><pIce planet Hoth Alderaan trench run Tusken raider spice mines Mos Eisley. Jedi knight great pit of Carkoon who you calling scruffy-looking help me Obi-Wan Kenobi. The dark side the Force is strong with this one Tosche Station. Thermal detonator I''d just as soon kiss a wookiee let the wookiee win land strider Chewbacca. Rebel alliance Yoda galactic republic. Carbonite Tatooine use the force a new hope wretched hive of scum and villainy I''ve got a very bad feeling about this. </p>');
INSERT INTO `fiche` (`fi_id`, `fi_label`, `fi_description`) VALUES(5, 'poney', '<p>Death star rebel spies Master Yoda. Greedo you''re my only hope Corellian ship. Return of the jedi C3P0 protocol droid Dantooinepower converters. Emperor do or do not R2D2. Tie fighter Jabba the Hutt may the Force be with you many Bothans died to bring us this information hokey religions Coruscant. </p><pIce planet Hoth Alderaan trench run Tusken raider spice mines Mos Eisley. Jedi knight great pit of Carkoon who you calling scruffy-looking help me Obi-Wan Kenobi. The dark side the Force is strong with this one Tosche Station. Thermal detonator I''d just as soon kiss a wookiee let the wookiee win land strider Chewbacca. Rebel alliance Yoda galactic republic. Carbonite Tatooine use the force a new hope wretched hive of scum and villainy I''ve got a very bad feeling about this. </p>');
INSERT INTO `fiche` (`fi_id`, `fi_label`, `fi_description`) VALUES(6, 'dummy', '<p>Death star rebel spies Master Yoda. Greedo you''re my only hope Corellian ship. Return of the jedi C3P0 protocol droid Dantooinepower converters. Emperor do or do not R2D2. Tie fighter Jabba the Hutt may the Force be with you many Bothans died to bring us this information hokey religions Coruscant. </p><pIce planet Hoth Alderaan trench run Tusken raider spice mines Mos Eisley. Jedi knight great pit of Carkoon who you calling scruffy-looking help me Obi-Wan Kenobi. The dark side the Force is strong with this one Tosche Station. Thermal detonator I''d just as soon kiss a wookiee let the wookiee win land strider Chewbacca. Rebel alliance Yoda galactic republic. Carbonite Tatooine use the force a new hope wretched hive of scum and villainy I''ve got a very bad feeling about this. </p>');
INSERT INTO `fiche` (`fi_id`, `fi_label`, `fi_description`) VALUES(7, 'test', '<p>Death star rebel spies Master Yoda. Greedo you''re my only hope Corellian ship. Return of the jedi C3P0 protocol droid Dantooinepower converters. Emperor do or do not R2D2. Tie fighter Jabba the Hutt may the Force be with you many Bothans died to bring us this information hokey religions Coruscant. </p><pIce planet Hoth Alderaan trench run Tusken raider spice mines Mos Eisley. Jedi knight great pit of Carkoon who you calling scruffy-looking help me Obi-Wan Kenobi. The dark side the Force is strong with this one Tosche Station. Thermal detonator I''d just as soon kiss a wookiee let the wookiee win land strider Chewbacca. Rebel alliance Yoda galactic republic. Carbonite Tatooine use the force a new hope wretched hive of scum and villainy I''ve got a very bad feeling about this. </p>');
INSERT INTO `fiche` (`fi_id`, `fi_label`, `fi_description`) VALUES(8, 'lalala', '<p>Death star rebel spies Master Yoda. Greedo you''re my only hope Corellian ship. Return of the jedi C3P0 protocol droid Dantooinepower converters. Emperor do or do not R2D2. Tie fighter Jabba the Hutt may the Force be with you many Bothans died to bring us this information hokey religions Coruscant. </p><pIce planet Hoth Alderaan trench run Tusken raider spice mines Mos Eisley. Jedi knight great pit of Carkoon who you calling scruffy-looking help me Obi-Wan Kenobi. The dark side the Force is strong with this one Tosche Station. Thermal detonator I''d just as soon kiss a wookiee let the wookiee win land strider Chewbacca. Rebel alliance Yoda galactic republic. Carbonite Tatooine use the force a new hope wretched hive of scum and villainy I''ve got a very bad feeling about this. </p>');
INSERT INTO `fiche` (`fi_id`, `fi_label`, `fi_description`) VALUES(9, 'lalala', '<p>Death star rebel spies Master Yoda. Greedo you''re my only hope Corellian ship. Return of the jedi C3P0 protocol droid Dantooinepower converters. Emperor do or do not R2D2. Tie fighter Jabba the Hutt may the Force be with you many Bothans died to bring us this information hokey religions Coruscant. </p><pIce planet Hoth Alderaan trench run Tusken raider spice mines Mos Eisley. Jedi knight great pit of Carkoon who you calling scruffy-looking help me Obi-Wan Kenobi. The dark side the Force is strong with this one Tosche Station. Thermal detonator I''d just as soon kiss a wookiee let the wookiee win land strider Chewbacca. Rebel alliance Yoda galactic republic. Carbonite Tatooine use the force a new hope wretched hive of scum and villainy I''ve got a very bad feeling about this. </p>');
INSERT INTO `fiche` (`fi_id`, `fi_label`, `fi_description`) VALUES(10, 'lalala', '<p>Death star rebel spies Master Yoda. Greedo you''re my only hope Corellian ship. Return of the jedi C3P0 protocol droid Dantooinepower converters. Emperor do or do not R2D2. Tie fighter Jabba the Hutt may the Force be with you many Bothans died to bring us this information hokey religions Coruscant. </p><pIce planet Hoth Alderaan trench run Tusken raider spice mines Mos Eisley. Jedi knight great pit of Carkoon who you calling scruffy-looking help me Obi-Wan Kenobi. The dark side the Force is strong with this one Tosche Station. Thermal detonator I''d just as soon kiss a wookiee let the wookiee win land strider Chewbacca. Rebel alliance Yoda galactic republic. Carbonite Tatooine use the force a new hope wretched hive of scum and villainy I''ve got a very bad feeling about this. </p>');
INSERT INTO `fiche` (`fi_id`, `fi_label`, `fi_description`) VALUES(11, 'lalala', '<p>Death star rebel spies Master Yoda. Greedo you''re my only hope Corellian ship. Return of the jedi C3P0 protocol droid Dantooinepower converters. Emperor do or do not R2D2. Tie fighter Jabba the Hutt may the Force be with you many Bothans died to bring us this information hokey religions Coruscant. </p><pIce planet Hoth Alderaan trench run Tusken raider spice mines Mos Eisley. Jedi knight great pit of Carkoon who you calling scruffy-looking help me Obi-Wan Kenobi. The dark side the Force is strong with this one Tosche Station. Thermal detonator I''d just as soon kiss a wookiee let the wookiee win land strider Chewbacca. Rebel alliance Yoda galactic republic. Carbonite Tatooine use the force a new hope wretched hive of scum and villainy I''ve got a very bad feeling about this. </p>');
INSERT INTO `fiche` (`fi_id`, `fi_label`, `fi_description`) VALUES(12, 'poney', '<p>Death star rebel spies Master Yoda. Greedo you''re my only hope Corellian ship. Return of the jedi C3P0 protocol droid Dantooinepower converters. Emperor do or do not R2D2. Tie fighter Jabba the Hutt may the Force be with you many Bothans died to bring us this information hokey religions Coruscant. </p><pIce planet Hoth Alderaan trench run Tusken raider spice mines Mos Eisley. Jedi knight great pit of Carkoon who you calling scruffy-looking help me Obi-Wan Kenobi. The dark side the Force is strong with this one Tosche Station. Thermal detonator I''d just as soon kiss a wookiee let the wookiee win land strider Chewbacca. Rebel alliance Yoda galactic republic. Carbonite Tatooine use the force a new hope wretched hive of scum and villainy I''ve got a very bad feeling about this. </p>');
INSERT INTO `fiche` (`fi_id`, `fi_label`, `fi_description`) VALUES(13, 'poney', '<p>Death star rebel spies Master Yoda. Greedo you''re my only hope Corellian ship. Return of the jedi C3P0 protocol droid Dantooinepower converters. Emperor do or do not R2D2. Tie fighter Jabba the Hutt may the Force be with you many Bothans died to bring us this information hokey religions Coruscant. </p><pIce planet Hoth Alderaan trench run Tusken raider spice mines Mos Eisley. Jedi knight great pit of Carkoon who you calling scruffy-looking help me Obi-Wan Kenobi. The dark side the Force is strong with this one Tosche Station. Thermal detonator I''d just as soon kiss a wookiee let the wookiee win land strider Chewbacca. Rebel alliance Yoda galactic republic. Carbonite Tatooine use the force a new hope wretched hive of scum and villainy I''ve got a very bad feeling about this. </p>');
INSERT INTO `fiche` (`fi_id`, `fi_label`, `fi_description`) VALUES(14, 'dummy', '<p>Death star rebel spies Master Yoda. Greedo you''re my only hope Corellian ship. Return of the jedi C3P0 protocol droid Dantooinepower converters. Emperor do or do not R2D2. Tie fighter Jabba the Hutt may the Force be with you many Bothans died to bring us this information hokey religions Coruscant. </p><pIce planet Hoth Alderaan trench run Tusken raider spice mines Mos Eisley. Jedi knight great pit of Carkoon who you calling scruffy-looking help me Obi-Wan Kenobi. The dark side the Force is strong with this one Tosche Station. Thermal detonator I''d just as soon kiss a wookiee let the wookiee win land strider Chewbacca. Rebel alliance Yoda galactic republic. Carbonite Tatooine use the force a new hope wretched hive of scum and villainy I''ve got a very bad feeling about this. </p>');
INSERT INTO `fiche` (`fi_id`, `fi_label`, `fi_description`) VALUES(15, 'fiche', '<p>Death star rebel spies Master Yoda. Greedo you''re my only hope Corellian ship. Return of the jedi C3P0 protocol droid Dantooinepower converters. Emperor do or do not R2D2. Tie fighter Jabba the Hutt may the Force be with you many Bothans died to bring us this information hokey religions Coruscant. </p><pIce planet Hoth Alderaan trench run Tusken raider spice mines Mos Eisley. Jedi knight great pit of Carkoon who you calling scruffy-looking help me Obi-Wan Kenobi. The dark side the Force is strong with this one Tosche Station. Thermal detonator I''d just as soon kiss a wookiee let the wookiee win land strider Chewbacca. Rebel alliance Yoda galactic republic. Carbonite Tatooine use the force a new hope wretched hive of scum and villainy I''ve got a very bad feeling about this. </p>');
INSERT INTO `fiche` (`fi_id`, `fi_label`, `fi_description`) VALUES(16, 'test', '<p>Death star rebel spies Master Yoda. Greedo you''re my only hope Corellian ship. Return of the jedi C3P0 protocol droid Dantooinepower converters. Emperor do or do not R2D2. Tie fighter Jabba the Hutt may the Force be with you many Bothans died to bring us this information hokey religions Coruscant. </p><pIce planet Hoth Alderaan trench run Tusken raider spice mines Mos Eisley. Jedi knight great pit of Carkoon who you calling scruffy-looking help me Obi-Wan Kenobi. The dark side the Force is strong with this one Tosche Station. Thermal detonator I''d just as soon kiss a wookiee let the wookiee win land strider Chewbacca. Rebel alliance Yoda galactic republic. Carbonite Tatooine use the force a new hope wretched hive of scum and villainy I''ve got a very bad feeling about this. </p>');
INSERT INTO `fiche` (`fi_id`, `fi_label`, `fi_description`) VALUES(17, 'titre', '<p>Death star rebel spies Master Yoda. Greedo you''re my only hope Corellian ship. Return of the jedi C3P0 protocol droid Dantooinepower converters. Emperor do or do not R2D2. Tie fighter Jabba the Hutt may the Force be with you many Bothans died to bring us this information hokey religions Coruscant. </p><pIce planet Hoth Alderaan trench run Tusken raider spice mines Mos Eisley. Jedi knight great pit of Carkoon who you calling scruffy-looking help me Obi-Wan Kenobi. The dark side the Force is strong with this one Tosche Station. Thermal detonator I''d just as soon kiss a wookiee let the wookiee win land strider Chewbacca. Rebel alliance Yoda galactic republic. Carbonite Tatooine use the force a new hope wretched hive of scum and villainy I''ve got a very bad feeling about this. </p>');
INSERT INTO `fiche` (`fi_id`, `fi_label`, `fi_description`) VALUES(18, 'poney', '<p>Death star rebel spies Master Yoda. Greedo you''re my only hope Corellian ship. Return of the jedi C3P0 protocol droid Dantooinepower converters. Emperor do or do not R2D2. Tie fighter Jabba the Hutt may the Force be with you many Bothans died to bring us this information hokey religions Coruscant. </p><pIce planet Hoth Alderaan trench run Tusken raider spice mines Mos Eisley. Jedi knight great pit of Carkoon who you calling scruffy-looking help me Obi-Wan Kenobi. The dark side the Force is strong with this one Tosche Station. Thermal detonator I''d just as soon kiss a wookiee let the wookiee win land strider Chewbacca. Rebel alliance Yoda galactic republic. Carbonite Tatooine use the force a new hope wretched hive of scum and villainy I''ve got a very bad feeling about this. </p>');
INSERT INTO `fiche` (`fi_id`, `fi_label`, `fi_description`) VALUES(19, 'fiche', '<p>Death star rebel spies Master Yoda. Greedo you''re my only hope Corellian ship. Return of the jedi C3P0 protocol droid Dantooinepower converters. Emperor do or do not R2D2. Tie fighter Jabba the Hutt may the Force be with you many Bothans died to bring us this information hokey religions Coruscant. </p><pIce planet Hoth Alderaan trench run Tusken raider spice mines Mos Eisley. Jedi knight great pit of Carkoon who you calling scruffy-looking help me Obi-Wan Kenobi. The dark side the Force is strong with this one Tosche Station. Thermal detonator I''d just as soon kiss a wookiee let the wookiee win land strider Chewbacca. Rebel alliance Yoda galactic republic. Carbonite Tatooine use the force a new hope wretched hive of scum and villainy I''ve got a very bad feeling about this. </p>');
INSERT INTO `fiche` (`fi_id`, `fi_label`, `fi_description`) VALUES(20, 'test', '<p>Death star rebel spies Master Yoda. Greedo you''re my only hope Corellian ship. Return of the jedi C3P0 protocol droid Dantooinepower converters. Emperor do or do not R2D2. Tie fighter Jabba the Hutt may the Force be with you many Bothans died to bring us this information hokey religions Coruscant. </p><pIce planet Hoth Alderaan trench run Tusken raider spice mines Mos Eisley. Jedi knight great pit of Carkoon who you calling scruffy-looking help me Obi-Wan Kenobi. The dark side the Force is strong with this one Tosche Station. Thermal detonator I''d just as soon kiss a wookiee let the wookiee win land strider Chewbacca. Rebel alliance Yoda galactic republic. Carbonite Tatooine use the force a new hope wretched hive of scum and villainy I''ve got a very bad feeling about this. </p>');
INSERT INTO `fiche` (`fi_id`, `fi_label`, `fi_description`) VALUES(21, 'fiche', '<p>Death star rebel spies Master Yoda. Greedo you''re my only hope Corellian ship. Return of the jedi C3P0 protocol droid Dantooinepower converters. Emperor do or do not R2D2. Tie fighter Jabba the Hutt may the Force be with you many Bothans died to bring us this information hokey religions Coruscant. </p><pIce planet Hoth Alderaan trench run Tusken raider spice mines Mos Eisley. Jedi knight great pit of Carkoon who you calling scruffy-looking help me Obi-Wan Kenobi. The dark side the Force is strong with this one Tosche Station. Thermal detonator I''d just as soon kiss a wookiee let the wookiee win land strider Chewbacca. Rebel alliance Yoda galactic republic. Carbonite Tatooine use the force a new hope wretched hive of scum and villainy I''ve got a very bad feeling about this. </p>');
INSERT INTO `fiche` (`fi_id`, `fi_label`, `fi_description`) VALUES(22, 'test', '<p>Death star rebel spies Master Yoda. Greedo you''re my only hope Corellian ship. Return of the jedi C3P0 protocol droid Dantooinepower converters. Emperor do or do not R2D2. Tie fighter Jabba the Hutt may the Force be with you many Bothans died to bring us this information hokey religions Coruscant. </p><pIce planet Hoth Alderaan trench run Tusken raider spice mines Mos Eisley. Jedi knight great pit of Carkoon who you calling scruffy-looking help me Obi-Wan Kenobi. The dark side the Force is strong with this one Tosche Station. Thermal detonator I''d just as soon kiss a wookiee let the wookiee win land strider Chewbacca. Rebel alliance Yoda galactic republic. Carbonite Tatooine use the force a new hope wretched hive of scum and villainy I''ve got a very bad feeling about this. </p>');
INSERT INTO `fiche` (`fi_id`, `fi_label`, `fi_description`) VALUES(23, 'fiche', '<p>Death star rebel spies Master Yoda. Greedo you''re my only hope Corellian ship. Return of the jedi C3P0 protocol droid Dantooinepower converters. Emperor do or do not R2D2. Tie fighter Jabba the Hutt may the Force be with you many Bothans died to bring us this information hokey religions Coruscant. </p><pIce planet Hoth Alderaan trench run Tusken raider spice mines Mos Eisley. Jedi knight great pit of Carkoon who you calling scruffy-looking help me Obi-Wan Kenobi. The dark side the Force is strong with this one Tosche Station. Thermal detonator I''d just as soon kiss a wookiee let the wookiee win land strider Chewbacca. Rebel alliance Yoda galactic republic. Carbonite Tatooine use the force a new hope wretched hive of scum and villainy I''ve got a very bad feeling about this. </p>');
INSERT INTO `fiche` (`fi_id`, `fi_label`, `fi_description`) VALUES(24, 'lalala', '<p>Death star rebel spies Master Yoda. Greedo you''re my only hope Corellian ship. Return of the jedi C3P0 protocol droid Dantooinepower converters. Emperor do or do not R2D2. Tie fighter Jabba the Hutt may the Force be with you many Bothans died to bring us this information hokey religions Coruscant. </p><pIce planet Hoth Alderaan trench run Tusken raider spice mines Mos Eisley. Jedi knight great pit of Carkoon who you calling scruffy-looking help me Obi-Wan Kenobi. The dark side the Force is strong with this one Tosche Station. Thermal detonator I''d just as soon kiss a wookiee let the wookiee win land strider Chewbacca. Rebel alliance Yoda galactic republic. Carbonite Tatooine use the force a new hope wretched hive of scum and villainy I''ve got a very bad feeling about this. </p>');
INSERT INTO `fiche` (`fi_id`, `fi_label`, `fi_description`) VALUES(25, 'titre', '<p>Death star rebel spies Master Yoda. Greedo you''re my only hope Corellian ship. Return of the jedi C3P0 protocol droid Dantooinepower converters. Emperor do or do not R2D2. Tie fighter Jabba the Hutt may the Force be with you many Bothans died to bring us this information hokey religions Coruscant. </p><pIce planet Hoth Alderaan trench run Tusken raider spice mines Mos Eisley. Jedi knight great pit of Carkoon who you calling scruffy-looking help me Obi-Wan Kenobi. The dark side the Force is strong with this one Tosche Station. Thermal detonator I''d just as soon kiss a wookiee let the wookiee win land strider Chewbacca. Rebel alliance Yoda galactic republic. Carbonite Tatooine use the force a new hope wretched hive of scum and villainy I''ve got a very bad feeling about this. </p>');
INSERT INTO `fiche` (`fi_id`, `fi_label`, `fi_description`) VALUES(26, 'fiche', '<p>Death star rebel spies Master Yoda. Greedo you''re my only hope Corellian ship. Return of the jedi C3P0 protocol droid Dantooinepower converters. Emperor do or do not R2D2. Tie fighter Jabba the Hutt may the Force be with you many Bothans died to bring us this information hokey religions Coruscant. </p><pIce planet Hoth Alderaan trench run Tusken raider spice mines Mos Eisley. Jedi knight great pit of Carkoon who you calling scruffy-looking help me Obi-Wan Kenobi. The dark side the Force is strong with this one Tosche Station. Thermal detonator I''d just as soon kiss a wookiee let the wookiee win land strider Chewbacca. Rebel alliance Yoda galactic republic. Carbonite Tatooine use the force a new hope wretched hive of scum and villainy I''ve got a very bad feeling about this. </p>');
INSERT INTO `fiche` (`fi_id`, `fi_label`, `fi_description`) VALUES(27, 'test', '<p>Death star rebel spies Master Yoda. Greedo you''re my only hope Corellian ship. Return of the jedi C3P0 protocol droid Dantooinepower converters. Emperor do or do not R2D2. Tie fighter Jabba the Hutt may the Force be with you many Bothans died to bring us this information hokey religions Coruscant. </p><pIce planet Hoth Alderaan trench run Tusken raider spice mines Mos Eisley. Jedi knight great pit of Carkoon who you calling scruffy-looking help me Obi-Wan Kenobi. The dark side the Force is strong with this one Tosche Station. Thermal detonator I''d just as soon kiss a wookiee let the wookiee win land strider Chewbacca. Rebel alliance Yoda galactic republic. Carbonite Tatooine use the force a new hope wretched hive of scum and villainy I''ve got a very bad feeling about this. </p>');
INSERT INTO `fiche` (`fi_id`, `fi_label`, `fi_description`) VALUES(28, 'poney', '<p>Death star rebel spies Master Yoda. Greedo you''re my only hope Corellian ship. Return of the jedi C3P0 protocol droid Dantooinepower converters. Emperor do or do not R2D2. Tie fighter Jabba the Hutt may the Force be with you many Bothans died to bring us this information hokey religions Coruscant. </p><pIce planet Hoth Alderaan trench run Tusken raider spice mines Mos Eisley. Jedi knight great pit of Carkoon who you calling scruffy-looking help me Obi-Wan Kenobi. The dark side the Force is strong with this one Tosche Station. Thermal detonator I''d just as soon kiss a wookiee let the wookiee win land strider Chewbacca. Rebel alliance Yoda galactic republic. Carbonite Tatooine use the force a new hope wretched hive of scum and villainy I''ve got a very bad feeling about this. </p>');
INSERT INTO `fiche` (`fi_id`, `fi_label`, `fi_description`) VALUES(29, 'fiche', '<p>Death star rebel spies Master Yoda. Greedo you''re my only hope Corellian ship. Return of the jedi C3P0 protocol droid Dantooinepower converters. Emperor do or do not R2D2. Tie fighter Jabba the Hutt may the Force be with you many Bothans died to bring us this information hokey religions Coruscant. </p><pIce planet Hoth Alderaan trench run Tusken raider spice mines Mos Eisley. Jedi knight great pit of Carkoon who you calling scruffy-looking help me Obi-Wan Kenobi. The dark side the Force is strong with this one Tosche Station. Thermal detonator I''d just as soon kiss a wookiee let the wookiee win land strider Chewbacca. Rebel alliance Yoda galactic republic. Carbonite Tatooine use the force a new hope wretched hive of scum and villainy I''ve got a very bad feeling about this. </p>');
INSERT INTO `fiche` (`fi_id`, `fi_label`, `fi_description`) VALUES(30, 'titre', '<p>Death star rebel spies Master Yoda. Greedo you''re my only hope Corellian ship. Return of the jedi C3P0 protocol droid Dantooinepower converters. Emperor do or do not R2D2. Tie fighter Jabba the Hutt may the Force be with you many Bothans died to bring us this information hokey religions Coruscant. </p><pIce planet Hoth Alderaan trench run Tusken raider spice mines Mos Eisley. Jedi knight great pit of Carkoon who you calling scruffy-looking help me Obi-Wan Kenobi. The dark side the Force is strong with this one Tosche Station. Thermal detonator I''d just as soon kiss a wookiee let the wookiee win land strider Chewbacca. Rebel alliance Yoda galactic republic. Carbonite Tatooine use the force a new hope wretched hive of scum and villainy I''ve got a very bad feeling about this. </p>');
INSERT INTO `fiche` (`fi_id`, `fi_label`, `fi_description`) VALUES(31, 'poney', '<p>Death star rebel spies Master Yoda. Greedo you''re my only hope Corellian ship. Return of the jedi C3P0 protocol droid Dantooinepower converters. Emperor do or do not R2D2. Tie fighter Jabba the Hutt may the Force be with you many Bothans died to bring us this information hokey religions Coruscant. </p><pIce planet Hoth Alderaan trench run Tusken raider spice mines Mos Eisley. Jedi knight great pit of Carkoon who you calling scruffy-looking help me Obi-Wan Kenobi. The dark side the Force is strong with this one Tosche Station. Thermal detonator I''d just as soon kiss a wookiee let the wookiee win land strider Chewbacca. Rebel alliance Yoda galactic republic. Carbonite Tatooine use the force a new hope wretched hive of scum and villainy I''ve got a very bad feeling about this. </p>');
INSERT INTO `fiche` (`fi_id`, `fi_label`, `fi_description`) VALUES(32, 'titre', '<p>Death star rebel spies Master Yoda. Greedo you''re my only hope Corellian ship. Return of the jedi C3P0 protocol droid Dantooinepower converters. Emperor do or do not R2D2. Tie fighter Jabba the Hutt may the Force be with you many Bothans died to bring us this information hokey religions Coruscant. </p><pIce planet Hoth Alderaan trench run Tusken raider spice mines Mos Eisley. Jedi knight great pit of Carkoon who you calling scruffy-looking help me Obi-Wan Kenobi. The dark side the Force is strong with this one Tosche Station. Thermal detonator I''d just as soon kiss a wookiee let the wookiee win land strider Chewbacca. Rebel alliance Yoda galactic republic. Carbonite Tatooine use the force a new hope wretched hive of scum and villainy I''ve got a very bad feeling about this. </p>');
INSERT INTO `fiche` (`fi_id`, `fi_label`, `fi_description`) VALUES(33, 'dummy', '<p>Death star rebel spies Master Yoda. Greedo you''re my only hope Corellian ship. Return of the jedi C3P0 protocol droid Dantooinepower converters. Emperor do or do not R2D2. Tie fighter Jabba the Hutt may the Force be with you many Bothans died to bring us this information hokey religions Coruscant. </p><pIce planet Hoth Alderaan trench run Tusken raider spice mines Mos Eisley. Jedi knight great pit of Carkoon who you calling scruffy-looking help me Obi-Wan Kenobi. The dark side the Force is strong with this one Tosche Station. Thermal detonator I''d just as soon kiss a wookiee let the wookiee win land strider Chewbacca. Rebel alliance Yoda galactic republic. Carbonite Tatooine use the force a new hope wretched hive of scum and villainy I''ve got a very bad feeling about this. </p>');
INSERT INTO `fiche` (`fi_id`, `fi_label`, `fi_description`) VALUES(34, 'poney', '<p>Death star rebel spies Master Yoda. Greedo you''re my only hope Corellian ship. Return of the jedi C3P0 protocol droid Dantooinepower converters. Emperor do or do not R2D2. Tie fighter Jabba the Hutt may the Force be with you many Bothans died to bring us this information hokey religions Coruscant. </p><pIce planet Hoth Alderaan trench run Tusken raider spice mines Mos Eisley. Jedi knight great pit of Carkoon who you calling scruffy-looking help me Obi-Wan Kenobi. The dark side the Force is strong with this one Tosche Station. Thermal detonator I''d just as soon kiss a wookiee let the wookiee win land strider Chewbacca. Rebel alliance Yoda galactic republic. Carbonite Tatooine use the force a new hope wretched hive of scum and villainy I''ve got a very bad feeling about this. </p>');
INSERT INTO `fiche` (`fi_id`, `fi_label`, `fi_description`) VALUES(35, 'fiche', '<p>Death star rebel spies Master Yoda. Greedo you''re my only hope Corellian ship. Return of the jedi C3P0 protocol droid Dantooinepower converters. Emperor do or do not R2D2. Tie fighter Jabba the Hutt may the Force be with you many Bothans died to bring us this information hokey religions Coruscant. </p><pIce planet Hoth Alderaan trench run Tusken raider spice mines Mos Eisley. Jedi knight great pit of Carkoon who you calling scruffy-looking help me Obi-Wan Kenobi. The dark side the Force is strong with this one Tosche Station. Thermal detonator I''d just as soon kiss a wookiee let the wookiee win land strider Chewbacca. Rebel alliance Yoda galactic republic. Carbonite Tatooine use the force a new hope wretched hive of scum and villainy I''ve got a very bad feeling about this. </p>');
INSERT INTO `fiche` (`fi_id`, `fi_label`, `fi_description`) VALUES(36, 'titre', '<p>Death star rebel spies Master Yoda. Greedo you''re my only hope Corellian ship. Return of the jedi C3P0 protocol droid Dantooinepower converters. Emperor do or do not R2D2. Tie fighter Jabba the Hutt may the Force be with you many Bothans died to bring us this information hokey religions Coruscant. </p><pIce planet Hoth Alderaan trench run Tusken raider spice mines Mos Eisley. Jedi knight great pit of Carkoon who you calling scruffy-looking help me Obi-Wan Kenobi. The dark side the Force is strong with this one Tosche Station. Thermal detonator I''d just as soon kiss a wookiee let the wookiee win land strider Chewbacca. Rebel alliance Yoda galactic republic. Carbonite Tatooine use the force a new hope wretched hive of scum and villainy I''ve got a very bad feeling about this. </p>');
INSERT INTO `fiche` (`fi_id`, `fi_label`, `fi_description`) VALUES(37, 'lalala', '<p>Death star rebel spies Master Yoda. Greedo you''re my only hope Corellian ship. Return of the jedi C3P0 protocol droid Dantooinepower converters. Emperor do or do not R2D2. Tie fighter Jabba the Hutt may the Force be with you many Bothans died to bring us this information hokey religions Coruscant. </p><pIce planet Hoth Alderaan trench run Tusken raider spice mines Mos Eisley. Jedi knight great pit of Carkoon who you calling scruffy-looking help me Obi-Wan Kenobi. The dark side the Force is strong with this one Tosche Station. Thermal detonator I''d just as soon kiss a wookiee let the wookiee win land strider Chewbacca. Rebel alliance Yoda galactic republic. Carbonite Tatooine use the force a new hope wretched hive of scum and villainy I''ve got a very bad feeling about this. </p>');
INSERT INTO `fiche` (`fi_id`, `fi_label`, `fi_description`) VALUES(38, 'lalala', '<p>Death star rebel spies Master Yoda. Greedo you''re my only hope Corellian ship. Return of the jedi C3P0 protocol droid Dantooinepower converters. Emperor do or do not R2D2. Tie fighter Jabba the Hutt may the Force be with you many Bothans died to bring us this information hokey religions Coruscant. </p><pIce planet Hoth Alderaan trench run Tusken raider spice mines Mos Eisley. Jedi knight great pit of Carkoon who you calling scruffy-looking help me Obi-Wan Kenobi. The dark side the Force is strong with this one Tosche Station. Thermal detonator I''d just as soon kiss a wookiee let the wookiee win land strider Chewbacca. Rebel alliance Yoda galactic republic. Carbonite Tatooine use the force a new hope wretched hive of scum and villainy I''ve got a very bad feeling about this. </p>');
INSERT INTO `fiche` (`fi_id`, `fi_label`, `fi_description`) VALUES(39, 'test', '<p>Death star rebel spies Master Yoda. Greedo you''re my only hope Corellian ship. Return of the jedi C3P0 protocol droid Dantooinepower converters. Emperor do or do not R2D2. Tie fighter Jabba the Hutt may the Force be with you many Bothans died to bring us this information hokey religions Coruscant. </p><pIce planet Hoth Alderaan trench run Tusken raider spice mines Mos Eisley. Jedi knight great pit of Carkoon who you calling scruffy-looking help me Obi-Wan Kenobi. The dark side the Force is strong with this one Tosche Station. Thermal detonator I''d just as soon kiss a wookiee let the wookiee win land strider Chewbacca. Rebel alliance Yoda galactic republic. Carbonite Tatooine use the force a new hope wretched hive of scum and villainy I''ve got a very bad feeling about this. </p>');
INSERT INTO `fiche` (`fi_id`, `fi_label`, `fi_description`) VALUES(40, 'dummy', '<p>Death star rebel spies Master Yoda. Greedo you''re my only hope Corellian ship. Return of the jedi C3P0 protocol droid Dantooinepower converters. Emperor do or do not R2D2. Tie fighter Jabba the Hutt may the Force be with you many Bothans died to bring us this information hokey religions Coruscant. </p><pIce planet Hoth Alderaan trench run Tusken raider spice mines Mos Eisley. Jedi knight great pit of Carkoon who you calling scruffy-looking help me Obi-Wan Kenobi. The dark side the Force is strong with this one Tosche Station. Thermal detonator I''d just as soon kiss a wookiee let the wookiee win land strider Chewbacca. Rebel alliance Yoda galactic republic. Carbonite Tatooine use the force a new hope wretched hive of scum and villainy I''ve got a very bad feeling about this. </p>');
INSERT INTO `fiche` (`fi_id`, `fi_label`, `fi_description`) VALUES(41, 'titre', '<p>Death star rebel spies Master Yoda. Greedo you''re my only hope Corellian ship. Return of the jedi C3P0 protocol droid Dantooinepower converters. Emperor do or do not R2D2. Tie fighter Jabba the Hutt may the Force be with you many Bothans died to bring us this information hokey religions Coruscant. </p><pIce planet Hoth Alderaan trench run Tusken raider spice mines Mos Eisley. Jedi knight great pit of Carkoon who you calling scruffy-looking help me Obi-Wan Kenobi. The dark side the Force is strong with this one Tosche Station. Thermal detonator I''d just as soon kiss a wookiee let the wookiee win land strider Chewbacca. Rebel alliance Yoda galactic republic. Carbonite Tatooine use the force a new hope wretched hive of scum and villainy I''ve got a very bad feeling about this. </p>');
INSERT INTO `fiche` (`fi_id`, `fi_label`, `fi_description`) VALUES(42, 'fiche', '<p>Death star rebel spies Master Yoda. Greedo you''re my only hope Corellian ship. Return of the jedi C3P0 protocol droid Dantooinepower converters. Emperor do or do not R2D2. Tie fighter Jabba the Hutt may the Force be with you many Bothans died to bring us this information hokey religions Coruscant. </p><pIce planet Hoth Alderaan trench run Tusken raider spice mines Mos Eisley. Jedi knight great pit of Carkoon who you calling scruffy-looking help me Obi-Wan Kenobi. The dark side the Force is strong with this one Tosche Station. Thermal detonator I''d just as soon kiss a wookiee let the wookiee win land strider Chewbacca. Rebel alliance Yoda galactic republic. Carbonite Tatooine use the force a new hope wretched hive of scum and villainy I''ve got a very bad feeling about this. </p>');
INSERT INTO `fiche` (`fi_id`, `fi_label`, `fi_description`) VALUES(43, 'titre', '<p>Death star rebel spies Master Yoda. Greedo you''re my only hope Corellian ship. Return of the jedi C3P0 protocol droid Dantooinepower converters. Emperor do or do not R2D2. Tie fighter Jabba the Hutt may the Force be with you many Bothans died to bring us this information hokey religions Coruscant. </p><pIce planet Hoth Alderaan trench run Tusken raider spice mines Mos Eisley. Jedi knight great pit of Carkoon who you calling scruffy-looking help me Obi-Wan Kenobi. The dark side the Force is strong with this one Tosche Station. Thermal detonator I''d just as soon kiss a wookiee let the wookiee win land strider Chewbacca. Rebel alliance Yoda galactic republic. Carbonite Tatooine use the force a new hope wretched hive of scum and villainy I''ve got a very bad feeling about this. </p>');
INSERT INTO `fiche` (`fi_id`, `fi_label`, `fi_description`) VALUES(44, 'poney', '<p>Death star rebel spies Master Yoda. Greedo you''re my only hope Corellian ship. Return of the jedi C3P0 protocol droid Dantooinepower converters. Emperor do or do not R2D2. Tie fighter Jabba the Hutt may the Force be with you many Bothans died to bring us this information hokey religions Coruscant. </p><pIce planet Hoth Alderaan trench run Tusken raider spice mines Mos Eisley. Jedi knight great pit of Carkoon who you calling scruffy-looking help me Obi-Wan Kenobi. The dark side the Force is strong with this one Tosche Station. Thermal detonator I''d just as soon kiss a wookiee let the wookiee win land strider Chewbacca. Rebel alliance Yoda galactic republic. Carbonite Tatooine use the force a new hope wretched hive of scum and villainy I''ve got a very bad feeling about this. </p>');
INSERT INTO `fiche` (`fi_id`, `fi_label`, `fi_description`) VALUES(45, 'titre', '<p>Death star rebel spies Master Yoda. Greedo you''re my only hope Corellian ship. Return of the jedi C3P0 protocol droid Dantooinepower converters. Emperor do or do not R2D2. Tie fighter Jabba the Hutt may the Force be with you many Bothans died to bring us this information hokey religions Coruscant. </p><pIce planet Hoth Alderaan trench run Tusken raider spice mines Mos Eisley. Jedi knight great pit of Carkoon who you calling scruffy-looking help me Obi-Wan Kenobi. The dark side the Force is strong with this one Tosche Station. Thermal detonator I''d just as soon kiss a wookiee let the wookiee win land strider Chewbacca. Rebel alliance Yoda galactic republic. Carbonite Tatooine use the force a new hope wretched hive of scum and villainy I''ve got a very bad feeling about this. </p>');
INSERT INTO `fiche` (`fi_id`, `fi_label`, `fi_description`) VALUES(46, 'fiche', '<p>Death star rebel spies Master Yoda. Greedo you''re my only hope Corellian ship. Return of the jedi C3P0 protocol droid Dantooinepower converters. Emperor do or do not R2D2. Tie fighter Jabba the Hutt may the Force be with you many Bothans died to bring us this information hokey religions Coruscant. </p><pIce planet Hoth Alderaan trench run Tusken raider spice mines Mos Eisley. Jedi knight great pit of Carkoon who you calling scruffy-looking help me Obi-Wan Kenobi. The dark side the Force is strong with this one Tosche Station. Thermal detonator I''d just as soon kiss a wookiee let the wookiee win land strider Chewbacca. Rebel alliance Yoda galactic republic. Carbonite Tatooine use the force a new hope wretched hive of scum and villainy I''ve got a very bad feeling about this. </p>');
INSERT INTO `fiche` (`fi_id`, `fi_label`, `fi_description`) VALUES(47, 'dummy', '<p>Death star rebel spies Master Yoda. Greedo you''re my only hope Corellian ship. Return of the jedi C3P0 protocol droid Dantooinepower converters. Emperor do or do not R2D2. Tie fighter Jabba the Hutt may the Force be with you many Bothans died to bring us this information hokey religions Coruscant. </p><pIce planet Hoth Alderaan trench run Tusken raider spice mines Mos Eisley. Jedi knight great pit of Carkoon who you calling scruffy-looking help me Obi-Wan Kenobi. The dark side the Force is strong with this one Tosche Station. Thermal detonator I''d just as soon kiss a wookiee let the wookiee win land strider Chewbacca. Rebel alliance Yoda galactic republic. Carbonite Tatooine use the force a new hope wretched hive of scum and villainy I''ve got a very bad feeling about this. </p>');
INSERT INTO `fiche` (`fi_id`, `fi_label`, `fi_description`) VALUES(48, 'test', '<p>Death star rebel spies Master Yoda. Greedo you''re my only hope Corellian ship. Return of the jedi C3P0 protocol droid Dantooinepower converters. Emperor do or do not R2D2. Tie fighter Jabba the Hutt may the Force be with you many Bothans died to bring us this information hokey religions Coruscant. </p><pIce planet Hoth Alderaan trench run Tusken raider spice mines Mos Eisley. Jedi knight great pit of Carkoon who you calling scruffy-looking help me Obi-Wan Kenobi. The dark side the Force is strong with this one Tosche Station. Thermal detonator I''d just as soon kiss a wookiee let the wookiee win land strider Chewbacca. Rebel alliance Yoda galactic republic. Carbonite Tatooine use the force a new hope wretched hive of scum and villainy I''ve got a very bad feeling about this. </p>');
INSERT INTO `fiche` (`fi_id`, `fi_label`, `fi_description`) VALUES(49, 'test', '<p>Death star rebel spies Master Yoda. Greedo you''re my only hope Corellian ship. Return of the jedi C3P0 protocol droid Dantooinepower converters. Emperor do or do not R2D2. Tie fighter Jabba the Hutt may the Force be with you many Bothans died to bring us this information hokey religions Coruscant. </p><pIce planet Hoth Alderaan trench run Tusken raider spice mines Mos Eisley. Jedi knight great pit of Carkoon who you calling scruffy-looking help me Obi-Wan Kenobi. The dark side the Force is strong with this one Tosche Station. Thermal detonator I''d just as soon kiss a wookiee let the wookiee win land strider Chewbacca. Rebel alliance Yoda galactic republic. Carbonite Tatooine use the force a new hope wretched hive of scum and villainy I''ve got a very bad feeling about this. </p>');
INSERT INTO `fiche` (`fi_id`, `fi_label`, `fi_description`) VALUES(50, 'lalala', '<p>Death star rebel spies Master Yoda. Greedo you''re my only hope Corellian ship. Return of the jedi C3P0 protocol droid Dantooinepower converters. Emperor do or do not R2D2. Tie fighter Jabba the Hutt may the Force be with you many Bothans died to bring us this information hokey religions Coruscant. </p><pIce planet Hoth Alderaan trench run Tusken raider spice mines Mos Eisley. Jedi knight great pit of Carkoon who you calling scruffy-looking help me Obi-Wan Kenobi. The dark side the Force is strong with this one Tosche Station. Thermal detonator I''d just as soon kiss a wookiee let the wookiee win land strider Chewbacca. Rebel alliance Yoda galactic republic. Carbonite Tatooine use the force a new hope wretched hive of scum and villainy I''ve got a very bad feeling about this. </p>');
INSERT INTO `fiche` (`fi_id`, `fi_label`, `fi_description`) VALUES(51, 'test', '<p>Death star rebel spies Master Yoda. Greedo you''re my only hope Corellian ship. Return of the jedi C3P0 protocol droid Dantooinepower converters. Emperor do or do not R2D2. Tie fighter Jabba the Hutt may the Force be with you many Bothans died to bring us this information hokey religions Coruscant. </p><pIce planet Hoth Alderaan trench run Tusken raider spice mines Mos Eisley. Jedi knight great pit of Carkoon who you calling scruffy-looking help me Obi-Wan Kenobi. The dark side the Force is strong with this one Tosche Station. Thermal detonator I''d just as soon kiss a wookiee let the wookiee win land strider Chewbacca. Rebel alliance Yoda galactic republic. Carbonite Tatooine use the force a new hope wretched hive of scum and villainy I''ve got a very bad feeling about this. </p>');
INSERT INTO `fiche` (`fi_id`, `fi_label`, `fi_description`) VALUES(52, 'dummy', '<p>Death star rebel spies Master Yoda. Greedo you''re my only hope Corellian ship. Return of the jedi C3P0 protocol droid Dantooinepower converters. Emperor do or do not R2D2. Tie fighter Jabba the Hutt may the Force be with you many Bothans died to bring us this information hokey religions Coruscant. </p><pIce planet Hoth Alderaan trench run Tusken raider spice mines Mos Eisley. Jedi knight great pit of Carkoon who you calling scruffy-looking help me Obi-Wan Kenobi. The dark side the Force is strong with this one Tosche Station. Thermal detonator I''d just as soon kiss a wookiee let the wookiee win land strider Chewbacca. Rebel alliance Yoda galactic republic. Carbonite Tatooine use the force a new hope wretched hive of scum and villainy I''ve got a very bad feeling about this. </p>');
INSERT INTO `fiche` (`fi_id`, `fi_label`, `fi_description`) VALUES(53, 'fiche', '<p>Death star rebel spies Master Yoda. Greedo you''re my only hope Corellian ship. Return of the jedi C3P0 protocol droid Dantooinepower converters. Emperor do or do not R2D2. Tie fighter Jabba the Hutt may the Force be with you many Bothans died to bring us this information hokey religions Coruscant. </p><pIce planet Hoth Alderaan trench run Tusken raider spice mines Mos Eisley. Jedi knight great pit of Carkoon who you calling scruffy-looking help me Obi-Wan Kenobi. The dark side the Force is strong with this one Tosche Station. Thermal detonator I''d just as soon kiss a wookiee let the wookiee win land strider Chewbacca. Rebel alliance Yoda galactic republic. Carbonite Tatooine use the force a new hope wretched hive of scum and villainy I''ve got a very bad feeling about this. </p>');
INSERT INTO `fiche` (`fi_id`, `fi_label`, `fi_description`) VALUES(54, 'lalala', '<p>Death star rebel spies Master Yoda. Greedo you''re my only hope Corellian ship. Return of the jedi C3P0 protocol droid Dantooinepower converters. Emperor do or do not R2D2. Tie fighter Jabba the Hutt may the Force be with you many Bothans died to bring us this information hokey religions Coruscant. </p><pIce planet Hoth Alderaan trench run Tusken raider spice mines Mos Eisley. Jedi knight great pit of Carkoon who you calling scruffy-looking help me Obi-Wan Kenobi. The dark side the Force is strong with this one Tosche Station. Thermal detonator I''d just as soon kiss a wookiee let the wookiee win land strider Chewbacca. Rebel alliance Yoda galactic republic. Carbonite Tatooine use the force a new hope wretched hive of scum and villainy I''ve got a very bad feeling about this. </p>');
INSERT INTO `fiche` (`fi_id`, `fi_label`, `fi_description`) VALUES(55, 'titre', '<p>Death star rebel spies Master Yoda. Greedo you''re my only hope Corellian ship. Return of the jedi C3P0 protocol droid Dantooinepower converters. Emperor do or do not R2D2. Tie fighter Jabba the Hutt may the Force be with you many Bothans died to bring us this information hokey religions Coruscant. </p><pIce planet Hoth Alderaan trench run Tusken raider spice mines Mos Eisley. Jedi knight great pit of Carkoon who you calling scruffy-looking help me Obi-Wan Kenobi. The dark side the Force is strong with this one Tosche Station. Thermal detonator I''d just as soon kiss a wookiee let the wookiee win land strider Chewbacca. Rebel alliance Yoda galactic republic. Carbonite Tatooine use the force a new hope wretched hive of scum and villainy I''ve got a very bad feeling about this. </p>');
INSERT INTO `fiche` (`fi_id`, `fi_label`, `fi_description`) VALUES(56, 'lalala', '<p>Death star rebel spies Master Yoda. Greedo you''re my only hope Corellian ship. Return of the jedi C3P0 protocol droid Dantooinepower converters. Emperor do or do not R2D2. Tie fighter Jabba the Hutt may the Force be with you many Bothans died to bring us this information hokey religions Coruscant. </p><pIce planet Hoth Alderaan trench run Tusken raider spice mines Mos Eisley. Jedi knight great pit of Carkoon who you calling scruffy-looking help me Obi-Wan Kenobi. The dark side the Force is strong with this one Tosche Station. Thermal detonator I''d just as soon kiss a wookiee let the wookiee win land strider Chewbacca. Rebel alliance Yoda galactic republic. Carbonite Tatooine use the force a new hope wretched hive of scum and villainy I''ve got a very bad feeling about this. </p>');
INSERT INTO `fiche` (`fi_id`, `fi_label`, `fi_description`) VALUES(57, 'titre', '<p>Death star rebel spies Master Yoda. Greedo you''re my only hope Corellian ship. Return of the jedi C3P0 protocol droid Dantooinepower converters. Emperor do or do not R2D2. Tie fighter Jabba the Hutt may the Force be with you many Bothans died to bring us this information hokey religions Coruscant. </p><pIce planet Hoth Alderaan trench run Tusken raider spice mines Mos Eisley. Jedi knight great pit of Carkoon who you calling scruffy-looking help me Obi-Wan Kenobi. The dark side the Force is strong with this one Tosche Station. Thermal detonator I''d just as soon kiss a wookiee let the wookiee win land strider Chewbacca. Rebel alliance Yoda galactic republic. Carbonite Tatooine use the force a new hope wretched hive of scum and villainy I''ve got a very bad feeling about this. </p>');
INSERT INTO `fiche` (`fi_id`, `fi_label`, `fi_description`) VALUES(58, 'poney', '<p>Death star rebel spies Master Yoda. Greedo you''re my only hope Corellian ship. Return of the jedi C3P0 protocol droid Dantooinepower converters. Emperor do or do not R2D2. Tie fighter Jabba the Hutt may the Force be with you many Bothans died to bring us this information hokey religions Coruscant. </p><pIce planet Hoth Alderaan trench run Tusken raider spice mines Mos Eisley. Jedi knight great pit of Carkoon who you calling scruffy-looking help me Obi-Wan Kenobi. The dark side the Force is strong with this one Tosche Station. Thermal detonator I''d just as soon kiss a wookiee let the wookiee win land strider Chewbacca. Rebel alliance Yoda galactic republic. Carbonite Tatooine use the force a new hope wretched hive of scum and villainy I''ve got a very bad feeling about this. </p>');
INSERT INTO `fiche` (`fi_id`, `fi_label`, `fi_description`) VALUES(59, 'fiche', '<p>Death star rebel spies Master Yoda. Greedo you''re my only hope Corellian ship. Return of the jedi C3P0 protocol droid Dantooinepower converters. Emperor do or do not R2D2. Tie fighter Jabba the Hutt may the Force be with you many Bothans died to bring us this information hokey religions Coruscant. </p><pIce planet Hoth Alderaan trench run Tusken raider spice mines Mos Eisley. Jedi knight great pit of Carkoon who you calling scruffy-looking help me Obi-Wan Kenobi. The dark side the Force is strong with this one Tosche Station. Thermal detonator I''d just as soon kiss a wookiee let the wookiee win land strider Chewbacca. Rebel alliance Yoda galactic republic. Carbonite Tatooine use the force a new hope wretched hive of scum and villainy I''ve got a very bad feeling about this. </p>');
INSERT INTO `fiche` (`fi_id`, `fi_label`, `fi_description`) VALUES(60, 'titre', '<p>Death star rebel spies Master Yoda. Greedo you''re my only hope Corellian ship. Return of the jedi C3P0 protocol droid Dantooinepower converters. Emperor do or do not R2D2. Tie fighter Jabba the Hutt may the Force be with you many Bothans died to bring us this information hokey religions Coruscant. </p><pIce planet Hoth Alderaan trench run Tusken raider spice mines Mos Eisley. Jedi knight great pit of Carkoon who you calling scruffy-looking help me Obi-Wan Kenobi. The dark side the Force is strong with this one Tosche Station. Thermal detonator I''d just as soon kiss a wookiee let the wookiee win land strider Chewbacca. Rebel alliance Yoda galactic republic. Carbonite Tatooine use the force a new hope wretched hive of scum and villainy I''ve got a very bad feeling about this. </p>');
INSERT INTO `fiche` (`fi_id`, `fi_label`, `fi_description`) VALUES(61, 'dummy', '<p>Death star rebel spies Master Yoda. Greedo you''re my only hope Corellian ship. Return of the jedi C3P0 protocol droid Dantooinepower converters. Emperor do or do not R2D2. Tie fighter Jabba the Hutt may the Force be with you many Bothans died to bring us this information hokey religions Coruscant. </p><pIce planet Hoth Alderaan trench run Tusken raider spice mines Mos Eisley. Jedi knight great pit of Carkoon who you calling scruffy-looking help me Obi-Wan Kenobi. The dark side the Force is strong with this one Tosche Station. Thermal detonator I''d just as soon kiss a wookiee let the wookiee win land strider Chewbacca. Rebel alliance Yoda galactic republic. Carbonite Tatooine use the force a new hope wretched hive of scum and villainy I''ve got a very bad feeling about this. </p>');
INSERT INTO `fiche` (`fi_id`, `fi_label`, `fi_description`) VALUES(62, 'poney', '<p>Death star rebel spies Master Yoda. Greedo you''re my only hope Corellian ship. Return of the jedi C3P0 protocol droid Dantooinepower converters. Emperor do or do not R2D2. Tie fighter Jabba the Hutt may the Force be with you many Bothans died to bring us this information hokey religions Coruscant. </p><pIce planet Hoth Alderaan trench run Tusken raider spice mines Mos Eisley. Jedi knight great pit of Carkoon who you calling scruffy-looking help me Obi-Wan Kenobi. The dark side the Force is strong with this one Tosche Station. Thermal detonator I''d just as soon kiss a wookiee let the wookiee win land strider Chewbacca. Rebel alliance Yoda galactic republic. Carbonite Tatooine use the force a new hope wretched hive of scum and villainy I''ve got a very bad feeling about this. </p>');
INSERT INTO `fiche` (`fi_id`, `fi_label`, `fi_description`) VALUES(63, 'fiche', '<p>Death star rebel spies Master Yoda. Greedo you''re my only hope Corellian ship. Return of the jedi C3P0 protocol droid Dantooinepower converters. Emperor do or do not R2D2. Tie fighter Jabba the Hutt may the Force be with you many Bothans died to bring us this information hokey religions Coruscant. </p><pIce planet Hoth Alderaan trench run Tusken raider spice mines Mos Eisley. Jedi knight great pit of Carkoon who you calling scruffy-looking help me Obi-Wan Kenobi. The dark side the Force is strong with this one Tosche Station. Thermal detonator I''d just as soon kiss a wookiee let the wookiee win land strider Chewbacca. Rebel alliance Yoda galactic republic. Carbonite Tatooine use the force a new hope wretched hive of scum and villainy I''ve got a very bad feeling about this. </p>');
INSERT INTO `fiche` (`fi_id`, `fi_label`, `fi_description`) VALUES(64, 'fiche', '<p>Death star rebel spies Master Yoda. Greedo you''re my only hope Corellian ship. Return of the jedi C3P0 protocol droid Dantooinepower converters. Emperor do or do not R2D2. Tie fighter Jabba the Hutt may the Force be with you many Bothans died to bring us this information hokey religions Coruscant. </p><pIce planet Hoth Alderaan trench run Tusken raider spice mines Mos Eisley. Jedi knight great pit of Carkoon who you calling scruffy-looking help me Obi-Wan Kenobi. The dark side the Force is strong with this one Tosche Station. Thermal detonator I''d just as soon kiss a wookiee let the wookiee win land strider Chewbacca. Rebel alliance Yoda galactic republic. Carbonite Tatooine use the force a new hope wretched hive of scum and villainy I''ve got a very bad feeling about this. </p>');
INSERT INTO `fiche` (`fi_id`, `fi_label`, `fi_description`) VALUES(65, 'poney', '<p>Death star rebel spies Master Yoda. Greedo you''re my only hope Corellian ship. Return of the jedi C3P0 protocol droid Dantooinepower converters. Emperor do or do not R2D2. Tie fighter Jabba the Hutt may the Force be with you many Bothans died to bring us this information hokey religions Coruscant. </p><pIce planet Hoth Alderaan trench run Tusken raider spice mines Mos Eisley. Jedi knight great pit of Carkoon who you calling scruffy-looking help me Obi-Wan Kenobi. The dark side the Force is strong with this one Tosche Station. Thermal detonator I''d just as soon kiss a wookiee let the wookiee win land strider Chewbacca. Rebel alliance Yoda galactic republic. Carbonite Tatooine use the force a new hope wretched hive of scum and villainy I''ve got a very bad feeling about this. </p>');
INSERT INTO `fiche` (`fi_id`, `fi_label`, `fi_description`) VALUES(66, 'titre', '<p>Death star rebel spies Master Yoda. Greedo you''re my only hope Corellian ship. Return of the jedi C3P0 protocol droid Dantooinepower converters. Emperor do or do not R2D2. Tie fighter Jabba the Hutt may the Force be with you many Bothans died to bring us this information hokey religions Coruscant. </p><pIce planet Hoth Alderaan trench run Tusken raider spice mines Mos Eisley. Jedi knight great pit of Carkoon who you calling scruffy-looking help me Obi-Wan Kenobi. The dark side the Force is strong with this one Tosche Station. Thermal detonator I''d just as soon kiss a wookiee let the wookiee win land strider Chewbacca. Rebel alliance Yoda galactic republic. Carbonite Tatooine use the force a new hope wretched hive of scum and villainy I''ve got a very bad feeling about this. </p>');
INSERT INTO `fiche` (`fi_id`, `fi_label`, `fi_description`) VALUES(67, 'test', '<p>Death star rebel spies Master Yoda. Greedo you''re my only hope Corellian ship. Return of the jedi C3P0 protocol droid Dantooinepower converters. Emperor do or do not R2D2. Tie fighter Jabba the Hutt may the Force be with you many Bothans died to bring us this information hokey religions Coruscant. </p><pIce planet Hoth Alderaan trench run Tusken raider spice mines Mos Eisley. Jedi knight great pit of Carkoon who you calling scruffy-looking help me Obi-Wan Kenobi. The dark side the Force is strong with this one Tosche Station. Thermal detonator I''d just as soon kiss a wookiee let the wookiee win land strider Chewbacca. Rebel alliance Yoda galactic republic. Carbonite Tatooine use the force a new hope wretched hive of scum and villainy I''ve got a very bad feeling about this. </p>');
INSERT INTO `fiche` (`fi_id`, `fi_label`, `fi_description`) VALUES(68, 'lalala', '<p>Death star rebel spies Master Yoda. Greedo you''re my only hope Corellian ship. Return of the jedi C3P0 protocol droid Dantooinepower converters. Emperor do or do not R2D2. Tie fighter Jabba the Hutt may the Force be with you many Bothans died to bring us this information hokey religions Coruscant. </p><pIce planet Hoth Alderaan trench run Tusken raider spice mines Mos Eisley. Jedi knight great pit of Carkoon who you calling scruffy-looking help me Obi-Wan Kenobi. The dark side the Force is strong with this one Tosche Station. Thermal detonator I''d just as soon kiss a wookiee let the wookiee win land strider Chewbacca. Rebel alliance Yoda galactic republic. Carbonite Tatooine use the force a new hope wretched hive of scum and villainy I''ve got a very bad feeling about this. </p>');
INSERT INTO `fiche` (`fi_id`, `fi_label`, `fi_description`) VALUES(69, 'titre', '<p>Death star rebel spies Master Yoda. Greedo you''re my only hope Corellian ship. Return of the jedi C3P0 protocol droid Dantooinepower converters. Emperor do or do not R2D2. Tie fighter Jabba the Hutt may the Force be with you many Bothans died to bring us this information hokey religions Coruscant. </p><pIce planet Hoth Alderaan trench run Tusken raider spice mines Mos Eisley. Jedi knight great pit of Carkoon who you calling scruffy-looking help me Obi-Wan Kenobi. The dark side the Force is strong with this one Tosche Station. Thermal detonator I''d just as soon kiss a wookiee let the wookiee win land strider Chewbacca. Rebel alliance Yoda galactic republic. Carbonite Tatooine use the force a new hope wretched hive of scum and villainy I''ve got a very bad feeling about this. </p>');
INSERT INTO `fiche` (`fi_id`, `fi_label`, `fi_description`) VALUES(70, 'titre', '<p>Death star rebel spies Master Yoda. Greedo you''re my only hope Corellian ship. Return of the jedi C3P0 protocol droid Dantooinepower converters. Emperor do or do not R2D2. Tie fighter Jabba the Hutt may the Force be with you many Bothans died to bring us this information hokey religions Coruscant. </p><pIce planet Hoth Alderaan trench run Tusken raider spice mines Mos Eisley. Jedi knight great pit of Carkoon who you calling scruffy-looking help me Obi-Wan Kenobi. The dark side the Force is strong with this one Tosche Station. Thermal detonator I''d just as soon kiss a wookiee let the wookiee win land strider Chewbacca. Rebel alliance Yoda galactic republic. Carbonite Tatooine use the force a new hope wretched hive of scum and villainy I''ve got a very bad feeling about this. </p>');
INSERT INTO `fiche` (`fi_id`, `fi_label`, `fi_description`) VALUES(71, 'titre', '<p>Death star rebel spies Master Yoda. Greedo you''re my only hope Corellian ship. Return of the jedi C3P0 protocol droid Dantooinepower converters. Emperor do or do not R2D2. Tie fighter Jabba the Hutt may the Force be with you many Bothans died to bring us this information hokey religions Coruscant. </p><pIce planet Hoth Alderaan trench run Tusken raider spice mines Mos Eisley. Jedi knight great pit of Carkoon who you calling scruffy-looking help me Obi-Wan Kenobi. The dark side the Force is strong with this one Tosche Station. Thermal detonator I''d just as soon kiss a wookiee let the wookiee win land strider Chewbacca. Rebel alliance Yoda galactic republic. Carbonite Tatooine use the force a new hope wretched hive of scum and villainy I''ve got a very bad feeling about this. </p>');
INSERT INTO `fiche` (`fi_id`, `fi_label`, `fi_description`) VALUES(72, 'dummy', '<p>Death star rebel spies Master Yoda. Greedo you''re my only hope Corellian ship. Return of the jedi C3P0 protocol droid Dantooinepower converters. Emperor do or do not R2D2. Tie fighter Jabba the Hutt may the Force be with you many Bothans died to bring us this information hokey religions Coruscant. </p><pIce planet Hoth Alderaan trench run Tusken raider spice mines Mos Eisley. Jedi knight great pit of Carkoon who you calling scruffy-looking help me Obi-Wan Kenobi. The dark side the Force is strong with this one Tosche Station. Thermal detonator I''d just as soon kiss a wookiee let the wookiee win land strider Chewbacca. Rebel alliance Yoda galactic republic. Carbonite Tatooine use the force a new hope wretched hive of scum and villainy I''ve got a very bad feeling about this. </p>');
INSERT INTO `fiche` (`fi_id`, `fi_label`, `fi_description`) VALUES(73, 'dummy', '<p>Death star rebel spies Master Yoda. Greedo you''re my only hope Corellian ship. Return of the jedi C3P0 protocol droid Dantooinepower converters. Emperor do or do not R2D2. Tie fighter Jabba the Hutt may the Force be with you many Bothans died to bring us this information hokey religions Coruscant. </p><pIce planet Hoth Alderaan trench run Tusken raider spice mines Mos Eisley. Jedi knight great pit of Carkoon who you calling scruffy-looking help me Obi-Wan Kenobi. The dark side the Force is strong with this one Tosche Station. Thermal detonator I''d just as soon kiss a wookiee let the wookiee win land strider Chewbacca. Rebel alliance Yoda galactic republic. Carbonite Tatooine use the force a new hope wretched hive of scum and villainy I''ve got a very bad feeling about this. </p>');
INSERT INTO `fiche` (`fi_id`, `fi_label`, `fi_description`) VALUES(74, 'dummy', '<p>Death star rebel spies Master Yoda. Greedo you''re my only hope Corellian ship. Return of the jedi C3P0 protocol droid Dantooinepower converters. Emperor do or do not R2D2. Tie fighter Jabba the Hutt may the Force be with you many Bothans died to bring us this information hokey religions Coruscant. </p><pIce planet Hoth Alderaan trench run Tusken raider spice mines Mos Eisley. Jedi knight great pit of Carkoon who you calling scruffy-looking help me Obi-Wan Kenobi. The dark side the Force is strong with this one Tosche Station. Thermal detonator I''d just as soon kiss a wookiee let the wookiee win land strider Chewbacca. Rebel alliance Yoda galactic republic. Carbonite Tatooine use the force a new hope wretched hive of scum and villainy I''ve got a very bad feeling about this. </p>');
INSERT INTO `fiche` (`fi_id`, `fi_label`, `fi_description`) VALUES(75, 'poney', '<p>Death star rebel spies Master Yoda. Greedo you''re my only hope Corellian ship. Return of the jedi C3P0 protocol droid Dantooinepower converters. Emperor do or do not R2D2. Tie fighter Jabba the Hutt may the Force be with you many Bothans died to bring us this information hokey religions Coruscant. </p><pIce planet Hoth Alderaan trench run Tusken raider spice mines Mos Eisley. Jedi knight great pit of Carkoon who you calling scruffy-looking help me Obi-Wan Kenobi. The dark side the Force is strong with this one Tosche Station. Thermal detonator I''d just as soon kiss a wookiee let the wookiee win land strider Chewbacca. Rebel alliance Yoda galactic republic. Carbonite Tatooine use the force a new hope wretched hive of scum and villainy I''ve got a very bad feeling about this. </p>');
INSERT INTO `fiche` (`fi_id`, `fi_label`, `fi_description`) VALUES(76, 'dummy', '<p>Death star rebel spies Master Yoda. Greedo you''re my only hope Corellian ship. Return of the jedi C3P0 protocol droid Dantooinepower converters. Emperor do or do not R2D2. Tie fighter Jabba the Hutt may the Force be with you many Bothans died to bring us this information hokey religions Coruscant. </p><pIce planet Hoth Alderaan trench run Tusken raider spice mines Mos Eisley. Jedi knight great pit of Carkoon who you calling scruffy-looking help me Obi-Wan Kenobi. The dark side the Force is strong with this one Tosche Station. Thermal detonator I''d just as soon kiss a wookiee let the wookiee win land strider Chewbacca. Rebel alliance Yoda galactic republic. Carbonite Tatooine use the force a new hope wretched hive of scum and villainy I''ve got a very bad feeling about this. </p>');
INSERT INTO `fiche` (`fi_id`, `fi_label`, `fi_description`) VALUES(77, 'dummy', '<p>Death star rebel spies Master Yoda. Greedo you''re my only hope Corellian ship. Return of the jedi C3P0 protocol droid Dantooinepower converters. Emperor do or do not R2D2. Tie fighter Jabba the Hutt may the Force be with you many Bothans died to bring us this information hokey religions Coruscant. </p><pIce planet Hoth Alderaan trench run Tusken raider spice mines Mos Eisley. Jedi knight great pit of Carkoon who you calling scruffy-looking help me Obi-Wan Kenobi. The dark side the Force is strong with this one Tosche Station. Thermal detonator I''d just as soon kiss a wookiee let the wookiee win land strider Chewbacca. Rebel alliance Yoda galactic republic. Carbonite Tatooine use the force a new hope wretched hive of scum and villainy I''ve got a very bad feeling about this. </p>');
INSERT INTO `fiche` (`fi_id`, `fi_label`, `fi_description`) VALUES(78, 'lalala', '<p>Death star rebel spies Master Yoda. Greedo you''re my only hope Corellian ship. Return of the jedi C3P0 protocol droid Dantooinepower converters. Emperor do or do not R2D2. Tie fighter Jabba the Hutt may the Force be with you many Bothans died to bring us this information hokey religions Coruscant. </p><pIce planet Hoth Alderaan trench run Tusken raider spice mines Mos Eisley. Jedi knight great pit of Carkoon who you calling scruffy-looking help me Obi-Wan Kenobi. The dark side the Force is strong with this one Tosche Station. Thermal detonator I''d just as soon kiss a wookiee let the wookiee win land strider Chewbacca. Rebel alliance Yoda galactic republic. Carbonite Tatooine use the force a new hope wretched hive of scum and villainy I''ve got a very bad feeling about this. </p>');
INSERT INTO `fiche` (`fi_id`, `fi_label`, `fi_description`) VALUES(79, 'test', '<p>Death star rebel spies Master Yoda. Greedo you''re my only hope Corellian ship. Return of the jedi C3P0 protocol droid Dantooinepower converters. Emperor do or do not R2D2. Tie fighter Jabba the Hutt may the Force be with you many Bothans died to bring us this information hokey religions Coruscant. </p><pIce planet Hoth Alderaan trench run Tusken raider spice mines Mos Eisley. Jedi knight great pit of Carkoon who you calling scruffy-looking help me Obi-Wan Kenobi. The dark side the Force is strong with this one Tosche Station. Thermal detonator I''d just as soon kiss a wookiee let the wookiee win land strider Chewbacca. Rebel alliance Yoda galactic republic. Carbonite Tatooine use the force a new hope wretched hive of scum and villainy I''ve got a very bad feeling about this. </p>');
INSERT INTO `fiche` (`fi_id`, `fi_label`, `fi_description`) VALUES(80, 'poney', '<p>Death star rebel spies Master Yoda. Greedo you''re my only hope Corellian ship. Return of the jedi C3P0 protocol droid Dantooinepower converters. Emperor do or do not R2D2. Tie fighter Jabba the Hutt may the Force be with you many Bothans died to bring us this information hokey religions Coruscant. </p><pIce planet Hoth Alderaan trench run Tusken raider spice mines Mos Eisley. Jedi knight great pit of Carkoon who you calling scruffy-looking help me Obi-Wan Kenobi. The dark side the Force is strong with this one Tosche Station. Thermal detonator I''d just as soon kiss a wookiee let the wookiee win land strider Chewbacca. Rebel alliance Yoda galactic republic. Carbonite Tatooine use the force a new hope wretched hive of scum and villainy I''ve got a very bad feeling about this. </p>');
INSERT INTO `fiche` (`fi_id`, `fi_label`, `fi_description`) VALUES(81, 'lalala', '<p>Death star rebel spies Master Yoda. Greedo you''re my only hope Corellian ship. Return of the jedi C3P0 protocol droid Dantooinepower converters. Emperor do or do not R2D2. Tie fighter Jabba the Hutt may the Force be with you many Bothans died to bring us this information hokey religions Coruscant. </p><pIce planet Hoth Alderaan trench run Tusken raider spice mines Mos Eisley. Jedi knight great pit of Carkoon who you calling scruffy-looking help me Obi-Wan Kenobi. The dark side the Force is strong with this one Tosche Station. Thermal detonator I''d just as soon kiss a wookiee let the wookiee win land strider Chewbacca. Rebel alliance Yoda galactic republic. Carbonite Tatooine use the force a new hope wretched hive of scum and villainy I''ve got a very bad feeling about this. </p>');
INSERT INTO `fiche` (`fi_id`, `fi_label`, `fi_description`) VALUES(82, 'test', '<p>Death star rebel spies Master Yoda. Greedo you''re my only hope Corellian ship. Return of the jedi C3P0 protocol droid Dantooinepower converters. Emperor do or do not R2D2. Tie fighter Jabba the Hutt may the Force be with you many Bothans died to bring us this information hokey religions Coruscant. </p><pIce planet Hoth Alderaan trench run Tusken raider spice mines Mos Eisley. Jedi knight great pit of Carkoon who you calling scruffy-looking help me Obi-Wan Kenobi. The dark side the Force is strong with this one Tosche Station. Thermal detonator I''d just as soon kiss a wookiee let the wookiee win land strider Chewbacca. Rebel alliance Yoda galactic republic. Carbonite Tatooine use the force a new hope wretched hive of scum and villainy I''ve got a very bad feeling about this. </p>');
INSERT INTO `fiche` (`fi_id`, `fi_label`, `fi_description`) VALUES(83, 'dummy', '<p>Death star rebel spies Master Yoda. Greedo you''re my only hope Corellian ship. Return of the jedi C3P0 protocol droid Dantooinepower converters. Emperor do or do not R2D2. Tie fighter Jabba the Hutt may the Force be with you many Bothans died to bring us this information hokey religions Coruscant. </p><pIce planet Hoth Alderaan trench run Tusken raider spice mines Mos Eisley. Jedi knight great pit of Carkoon who you calling scruffy-looking help me Obi-Wan Kenobi. The dark side the Force is strong with this one Tosche Station. Thermal detonator I''d just as soon kiss a wookiee let the wookiee win land strider Chewbacca. Rebel alliance Yoda galactic republic. Carbonite Tatooine use the force a new hope wretched hive of scum and villainy I''ve got a very bad feeling about this. </p>');
INSERT INTO `fiche` (`fi_id`, `fi_label`, `fi_description`) VALUES(84, 'lalala', '<p>Death star rebel spies Master Yoda. Greedo you''re my only hope Corellian ship. Return of the jedi C3P0 protocol droid Dantooinepower converters. Emperor do or do not R2D2. Tie fighter Jabba the Hutt may the Force be with you many Bothans died to bring us this information hokey religions Coruscant. </p><pIce planet Hoth Alderaan trench run Tusken raider spice mines Mos Eisley. Jedi knight great pit of Carkoon who you calling scruffy-looking help me Obi-Wan Kenobi. The dark side the Force is strong with this one Tosche Station. Thermal detonator I''d just as soon kiss a wookiee let the wookiee win land strider Chewbacca. Rebel alliance Yoda galactic republic. Carbonite Tatooine use the force a new hope wretched hive of scum and villainy I''ve got a very bad feeling about this. </p>');
INSERT INTO `fiche` (`fi_id`, `fi_label`, `fi_description`) VALUES(85, 'dummy', '<p>Death star rebel spies Master Yoda. Greedo you''re my only hope Corellian ship. Return of the jedi C3P0 protocol droid Dantooinepower converters. Emperor do or do not R2D2. Tie fighter Jabba the Hutt may the Force be with you many Bothans died to bring us this information hokey religions Coruscant. </p><pIce planet Hoth Alderaan trench run Tusken raider spice mines Mos Eisley. Jedi knight great pit of Carkoon who you calling scruffy-looking help me Obi-Wan Kenobi. The dark side the Force is strong with this one Tosche Station. Thermal detonator I''d just as soon kiss a wookiee let the wookiee win land strider Chewbacca. Rebel alliance Yoda galactic republic. Carbonite Tatooine use the force a new hope wretched hive of scum and villainy I''ve got a very bad feeling about this. </p>');
INSERT INTO `fiche` (`fi_id`, `fi_label`, `fi_description`) VALUES(86, 'test', '<p>Death star rebel spies Master Yoda. Greedo you''re my only hope Corellian ship. Return of the jedi C3P0 protocol droid Dantooinepower converters. Emperor do or do not R2D2. Tie fighter Jabba the Hutt may the Force be with you many Bothans died to bring us this information hokey religions Coruscant. </p><pIce planet Hoth Alderaan trench run Tusken raider spice mines Mos Eisley. Jedi knight great pit of Carkoon who you calling scruffy-looking help me Obi-Wan Kenobi. The dark side the Force is strong with this one Tosche Station. Thermal detonator I''d just as soon kiss a wookiee let the wookiee win land strider Chewbacca. Rebel alliance Yoda galactic republic. Carbonite Tatooine use the force a new hope wretched hive of scum and villainy I''ve got a very bad feeling about this. </p>');
INSERT INTO `fiche` (`fi_id`, `fi_label`, `fi_description`) VALUES(87, 'test', '<p>Death star rebel spies Master Yoda. Greedo you''re my only hope Corellian ship. Return of the jedi C3P0 protocol droid Dantooinepower converters. Emperor do or do not R2D2. Tie fighter Jabba the Hutt may the Force be with you many Bothans died to bring us this information hokey religions Coruscant. </p><pIce planet Hoth Alderaan trench run Tusken raider spice mines Mos Eisley. Jedi knight great pit of Carkoon who you calling scruffy-looking help me Obi-Wan Kenobi. The dark side the Force is strong with this one Tosche Station. Thermal detonator I''d just as soon kiss a wookiee let the wookiee win land strider Chewbacca. Rebel alliance Yoda galactic republic. Carbonite Tatooine use the force a new hope wretched hive of scum and villainy I''ve got a very bad feeling about this. </p>');
INSERT INTO `fiche` (`fi_id`, `fi_label`, `fi_description`) VALUES(88, 'poney', '<p>Death star rebel spies Master Yoda. Greedo you''re my only hope Corellian ship. Return of the jedi C3P0 protocol droid Dantooinepower converters. Emperor do or do not R2D2. Tie fighter Jabba the Hutt may the Force be with you many Bothans died to bring us this information hokey religions Coruscant. </p><pIce planet Hoth Alderaan trench run Tusken raider spice mines Mos Eisley. Jedi knight great pit of Carkoon who you calling scruffy-looking help me Obi-Wan Kenobi. The dark side the Force is strong with this one Tosche Station. Thermal detonator I''d just as soon kiss a wookiee let the wookiee win land strider Chewbacca. Rebel alliance Yoda galactic republic. Carbonite Tatooine use the force a new hope wretched hive of scum and villainy I''ve got a very bad feeling about this. </p>');
INSERT INTO `fiche` (`fi_id`, `fi_label`, `fi_description`) VALUES(89, 'lalala', '<p>Death star rebel spies Master Yoda. Greedo you''re my only hope Corellian ship. Return of the jedi C3P0 protocol droid Dantooinepower converters. Emperor do or do not R2D2. Tie fighter Jabba the Hutt may the Force be with you many Bothans died to bring us this information hokey religions Coruscant. </p><pIce planet Hoth Alderaan trench run Tusken raider spice mines Mos Eisley. Jedi knight great pit of Carkoon who you calling scruffy-looking help me Obi-Wan Kenobi. The dark side the Force is strong with this one Tosche Station. Thermal detonator I''d just as soon kiss a wookiee let the wookiee win land strider Chewbacca. Rebel alliance Yoda galactic republic. Carbonite Tatooine use the force a new hope wretched hive of scum and villainy I''ve got a very bad feeling about this. </p>');
INSERT INTO `fiche` (`fi_id`, `fi_label`, `fi_description`) VALUES(90, 'dummy', '<p>Death star rebel spies Master Yoda. Greedo you''re my only hope Corellian ship. Return of the jedi C3P0 protocol droid Dantooinepower converters. Emperor do or do not R2D2. Tie fighter Jabba the Hutt may the Force be with you many Bothans died to bring us this information hokey religions Coruscant. </p><pIce planet Hoth Alderaan trench run Tusken raider spice mines Mos Eisley. Jedi knight great pit of Carkoon who you calling scruffy-looking help me Obi-Wan Kenobi. The dark side the Force is strong with this one Tosche Station. Thermal detonator I''d just as soon kiss a wookiee let the wookiee win land strider Chewbacca. Rebel alliance Yoda galactic republic. Carbonite Tatooine use the force a new hope wretched hive of scum and villainy I''ve got a very bad feeling about this. </p>');
INSERT INTO `fiche` (`fi_id`, `fi_label`, `fi_description`) VALUES(91, 'test', '<p>Death star rebel spies Master Yoda. Greedo you''re my only hope Corellian ship. Return of the jedi C3P0 protocol droid Dantooinepower converters. Emperor do or do not R2D2. Tie fighter Jabba the Hutt may the Force be with you many Bothans died to bring us this information hokey religions Coruscant. </p><pIce planet Hoth Alderaan trench run Tusken raider spice mines Mos Eisley. Jedi knight great pit of Carkoon who you calling scruffy-looking help me Obi-Wan Kenobi. The dark side the Force is strong with this one Tosche Station. Thermal detonator I''d just as soon kiss a wookiee let the wookiee win land strider Chewbacca. Rebel alliance Yoda galactic republic. Carbonite Tatooine use the force a new hope wretched hive of scum and villainy I''ve got a very bad feeling about this. </p>');
INSERT INTO `fiche` (`fi_id`, `fi_label`, `fi_description`) VALUES(92, 'lalala', '<p>Death star rebel spies Master Yoda. Greedo you''re my only hope Corellian ship. Return of the jedi C3P0 protocol droid Dantooinepower converters. Emperor do or do not R2D2. Tie fighter Jabba the Hutt may the Force be with you many Bothans died to bring us this information hokey religions Coruscant. </p><pIce planet Hoth Alderaan trench run Tusken raider spice mines Mos Eisley. Jedi knight great pit of Carkoon who you calling scruffy-looking help me Obi-Wan Kenobi. The dark side the Force is strong with this one Tosche Station. Thermal detonator I''d just as soon kiss a wookiee let the wookiee win land strider Chewbacca. Rebel alliance Yoda galactic republic. Carbonite Tatooine use the force a new hope wretched hive of scum and villainy I''ve got a very bad feeling about this. </p>');
INSERT INTO `fiche` (`fi_id`, `fi_label`, `fi_description`) VALUES(93, 'fiche', '<p>Death star rebel spies Master Yoda. Greedo you''re my only hope Corellian ship. Return of the jedi C3P0 protocol droid Dantooinepower converters. Emperor do or do not R2D2. Tie fighter Jabba the Hutt may the Force be with you many Bothans died to bring us this information hokey religions Coruscant. </p><pIce planet Hoth Alderaan trench run Tusken raider spice mines Mos Eisley. Jedi knight great pit of Carkoon who you calling scruffy-looking help me Obi-Wan Kenobi. The dark side the Force is strong with this one Tosche Station. Thermal detonator I''d just as soon kiss a wookiee let the wookiee win land strider Chewbacca. Rebel alliance Yoda galactic republic. Carbonite Tatooine use the force a new hope wretched hive of scum and villainy I''ve got a very bad feeling about this. </p>');
INSERT INTO `fiche` (`fi_id`, `fi_label`, `fi_description`) VALUES(94, 'lalala', '<p>Death star rebel spies Master Yoda. Greedo you''re my only hope Corellian ship. Return of the jedi C3P0 protocol droid Dantooinepower converters. Emperor do or do not R2D2. Tie fighter Jabba the Hutt may the Force be with you many Bothans died to bring us this information hokey religions Coruscant. </p><pIce planet Hoth Alderaan trench run Tusken raider spice mines Mos Eisley. Jedi knight great pit of Carkoon who you calling scruffy-looking help me Obi-Wan Kenobi. The dark side the Force is strong with this one Tosche Station. Thermal detonator I''d just as soon kiss a wookiee let the wookiee win land strider Chewbacca. Rebel alliance Yoda galactic republic. Carbonite Tatooine use the force a new hope wretched hive of scum and villainy I''ve got a very bad feeling about this. </p>');
INSERT INTO `fiche` (`fi_id`, `fi_label`, `fi_description`) VALUES(95, 'test', '<p>Death star rebel spies Master Yoda. Greedo you''re my only hope Corellian ship. Return of the jedi C3P0 protocol droid Dantooinepower converters. Emperor do or do not R2D2. Tie fighter Jabba the Hutt may the Force be with you many Bothans died to bring us this information hokey religions Coruscant. </p><pIce planet Hoth Alderaan trench run Tusken raider spice mines Mos Eisley. Jedi knight great pit of Carkoon who you calling scruffy-looking help me Obi-Wan Kenobi. The dark side the Force is strong with this one Tosche Station. Thermal detonator I''d just as soon kiss a wookiee let the wookiee win land strider Chewbacca. Rebel alliance Yoda galactic republic. Carbonite Tatooine use the force a new hope wretched hive of scum and villainy I''ve got a very bad feeling about this. </p>');
INSERT INTO `fiche` (`fi_id`, `fi_label`, `fi_description`) VALUES(96, 'fiche', '<p>Death star rebel spies Master Yoda. Greedo you''re my only hope Corellian ship. Return of the jedi C3P0 protocol droid Dantooinepower converters. Emperor do or do not R2D2. Tie fighter Jabba the Hutt may the Force be with you many Bothans died to bring us this information hokey religions Coruscant. </p><pIce planet Hoth Alderaan trench run Tusken raider spice mines Mos Eisley. Jedi knight great pit of Carkoon who you calling scruffy-looking help me Obi-Wan Kenobi. The dark side the Force is strong with this one Tosche Station. Thermal detonator I''d just as soon kiss a wookiee let the wookiee win land strider Chewbacca. Rebel alliance Yoda galactic republic. Carbonite Tatooine use the force a new hope wretched hive of scum and villainy I''ve got a very bad feeling about this. </p>');
INSERT INTO `fiche` (`fi_id`, `fi_label`, `fi_description`) VALUES(97, 'titre', '<p>Death star rebel spies Master Yoda. Greedo you''re my only hope Corellian ship. Return of the jedi C3P0 protocol droid Dantooinepower converters. Emperor do or do not R2D2. Tie fighter Jabba the Hutt may the Force be with you many Bothans died to bring us this information hokey religions Coruscant. </p><pIce planet Hoth Alderaan trench run Tusken raider spice mines Mos Eisley. Jedi knight great pit of Carkoon who you calling scruffy-looking help me Obi-Wan Kenobi. The dark side the Force is strong with this one Tosche Station. Thermal detonator I''d just as soon kiss a wookiee let the wookiee win land strider Chewbacca. Rebel alliance Yoda galactic republic. Carbonite Tatooine use the force a new hope wretched hive of scum and villainy I''ve got a very bad feeling about this. </p>');
INSERT INTO `fiche` (`fi_id`, `fi_label`, `fi_description`) VALUES(98, 'poney', '<p>Death star rebel spies Master Yoda. Greedo you''re my only hope Corellian ship. Return of the jedi C3P0 protocol droid Dantooinepower converters. Emperor do or do not R2D2. Tie fighter Jabba the Hutt may the Force be with you many Bothans died to bring us this information hokey religions Coruscant. </p><pIce planet Hoth Alderaan trench run Tusken raider spice mines Mos Eisley. Jedi knight great pit of Carkoon who you calling scruffy-looking help me Obi-Wan Kenobi. The dark side the Force is strong with this one Tosche Station. Thermal detonator I''d just as soon kiss a wookiee let the wookiee win land strider Chewbacca. Rebel alliance Yoda galactic republic. Carbonite Tatooine use the force a new hope wretched hive of scum and villainy I''ve got a very bad feeling about this. </p>');
INSERT INTO `fiche` (`fi_id`, `fi_label`, `fi_description`) VALUES(99, 'dummy', '<p>Death star rebel spies Master Yoda. Greedo you''re my only hope Corellian ship. Return of the jedi C3P0 protocol droid Dantooinepower converters. Emperor do or do not R2D2. Tie fighter Jabba the Hutt may the Force be with you many Bothans died to bring us this information hokey religions Coruscant. </p><pIce planet Hoth Alderaan trench run Tusken raider spice mines Mos Eisley. Jedi knight great pit of Carkoon who you calling scruffy-looking help me Obi-Wan Kenobi. The dark side the Force is strong with this one Tosche Station. Thermal detonator I''d just as soon kiss a wookiee let the wookiee win land strider Chewbacca. Rebel alliance Yoda galactic republic. Carbonite Tatooine use the force a new hope wretched hive of scum and villainy I''ve got a very bad feeling about this. </p>');
INSERT INTO `fiche` (`fi_id`, `fi_label`, `fi_description`) VALUES(100, 'poney', '<p>Death star rebel spies Master Yoda. Greedo you''re my only hope Corellian ship. Return of the jedi C3P0 protocol droid Dantooinepower converters. Emperor do or do not R2D2. Tie fighter Jabba the Hutt may the Force be with you many Bothans died to bring us this information hokey religions Coruscant. </p><pIce planet Hoth Alderaan trench run Tusken raider spice mines Mos Eisley. Jedi knight great pit of Carkoon who you calling scruffy-looking help me Obi-Wan Kenobi. The dark side the Force is strong with this one Tosche Station. Thermal detonator I''d just as soon kiss a wookiee let the wookiee win land strider Chewbacca. Rebel alliance Yoda galactic republic. Carbonite Tatooine use the force a new hope wretched hive of scum and villainy I''ve got a very bad feeling about this. </p>');

--
-- Dumping data for table `categorie_fiche`
--

INSERT INTO `categorie_fiche` (`cat_id`, `fi_id`) VALUES(4, 1);
INSERT INTO `categorie_fiche` (`cat_id`, `fi_id`) VALUES(5, 2);
INSERT INTO `categorie_fiche` (`cat_id`, `fi_id`) VALUES(2, 3);
INSERT INTO `categorie_fiche` (`cat_id`, `fi_id`) VALUES(4, 4);
INSERT INTO `categorie_fiche` (`cat_id`, `fi_id`) VALUES(4, 5);
INSERT INTO `categorie_fiche` (`cat_id`, `fi_id`) VALUES(3, 6);
INSERT INTO `categorie_fiche` (`cat_id`, `fi_id`) VALUES(3, 7);
INSERT INTO `categorie_fiche` (`cat_id`, `fi_id`) VALUES(4, 8);
INSERT INTO `categorie_fiche` (`cat_id`, `fi_id`) VALUES(1, 9);
INSERT INTO `categorie_fiche` (`cat_id`, `fi_id`) VALUES(4, 10);
INSERT INTO `categorie_fiche` (`cat_id`, `fi_id`) VALUES(3, 11);
INSERT INTO `categorie_fiche` (`cat_id`, `fi_id`) VALUES(5, 12);
INSERT INTO `categorie_fiche` (`cat_id`, `fi_id`) VALUES(1, 13);
INSERT INTO `categorie_fiche` (`cat_id`, `fi_id`) VALUES(3, 14);
INSERT INTO `categorie_fiche` (`cat_id`, `fi_id`) VALUES(6, 15);
INSERT INTO `categorie_fiche` (`cat_id`, `fi_id`) VALUES(2, 16);
INSERT INTO `categorie_fiche` (`cat_id`, `fi_id`) VALUES(4, 17);
INSERT INTO `categorie_fiche` (`cat_id`, `fi_id`) VALUES(3, 18);
INSERT INTO `categorie_fiche` (`cat_id`, `fi_id`) VALUES(2, 19);
INSERT INTO `categorie_fiche` (`cat_id`, `fi_id`) VALUES(4, 20);
INSERT INTO `categorie_fiche` (`cat_id`, `fi_id`) VALUES(2, 21);
INSERT INTO `categorie_fiche` (`cat_id`, `fi_id`) VALUES(6, 22);
INSERT INTO `categorie_fiche` (`cat_id`, `fi_id`) VALUES(3, 23);
INSERT INTO `categorie_fiche` (`cat_id`, `fi_id`) VALUES(2, 24);
INSERT INTO `categorie_fiche` (`cat_id`, `fi_id`) VALUES(5, 25);
INSERT INTO `categorie_fiche` (`cat_id`, `fi_id`) VALUES(1, 26);
INSERT INTO `categorie_fiche` (`cat_id`, `fi_id`) VALUES(4, 27);
INSERT INTO `categorie_fiche` (`cat_id`, `fi_id`) VALUES(1, 28);
INSERT INTO `categorie_fiche` (`cat_id`, `fi_id`) VALUES(1, 29);
INSERT INTO `categorie_fiche` (`cat_id`, `fi_id`) VALUES(3, 30);
INSERT INTO `categorie_fiche` (`cat_id`, `fi_id`) VALUES(5, 31);
INSERT INTO `categorie_fiche` (`cat_id`, `fi_id`) VALUES(3, 32);
INSERT INTO `categorie_fiche` (`cat_id`, `fi_id`) VALUES(4, 33);
INSERT INTO `categorie_fiche` (`cat_id`, `fi_id`) VALUES(6, 34);
INSERT INTO `categorie_fiche` (`cat_id`, `fi_id`) VALUES(1, 35);
INSERT INTO `categorie_fiche` (`cat_id`, `fi_id`) VALUES(4, 36);
INSERT INTO `categorie_fiche` (`cat_id`, `fi_id`) VALUES(5, 37);
INSERT INTO `categorie_fiche` (`cat_id`, `fi_id`) VALUES(1, 38);
INSERT INTO `categorie_fiche` (`cat_id`, `fi_id`) VALUES(5, 39);
INSERT INTO `categorie_fiche` (`cat_id`, `fi_id`) VALUES(4, 40);
INSERT INTO `categorie_fiche` (`cat_id`, `fi_id`) VALUES(6, 41);
INSERT INTO `categorie_fiche` (`cat_id`, `fi_id`) VALUES(5, 42);
INSERT INTO `categorie_fiche` (`cat_id`, `fi_id`) VALUES(4, 43);
INSERT INTO `categorie_fiche` (`cat_id`, `fi_id`) VALUES(3, 44);
INSERT INTO `categorie_fiche` (`cat_id`, `fi_id`) VALUES(3, 45);
INSERT INTO `categorie_fiche` (`cat_id`, `fi_id`) VALUES(4, 46);
INSERT INTO `categorie_fiche` (`cat_id`, `fi_id`) VALUES(3, 47);
INSERT INTO `categorie_fiche` (`cat_id`, `fi_id`) VALUES(3, 48);
INSERT INTO `categorie_fiche` (`cat_id`, `fi_id`) VALUES(1, 49);
INSERT INTO `categorie_fiche` (`cat_id`, `fi_id`) VALUES(5, 50);
INSERT INTO `categorie_fiche` (`cat_id`, `fi_id`) VALUES(1, 51);
INSERT INTO `categorie_fiche` (`cat_id`, `fi_id`) VALUES(3, 52);
INSERT INTO `categorie_fiche` (`cat_id`, `fi_id`) VALUES(5, 53);
INSERT INTO `categorie_fiche` (`cat_id`, `fi_id`) VALUES(5, 54);
INSERT INTO `categorie_fiche` (`cat_id`, `fi_id`) VALUES(4, 55);
INSERT INTO `categorie_fiche` (`cat_id`, `fi_id`) VALUES(1, 56);
INSERT INTO `categorie_fiche` (`cat_id`, `fi_id`) VALUES(1, 57);
INSERT INTO `categorie_fiche` (`cat_id`, `fi_id`) VALUES(2, 58);
INSERT INTO `categorie_fiche` (`cat_id`, `fi_id`) VALUES(5, 59);
INSERT INTO `categorie_fiche` (`cat_id`, `fi_id`) VALUES(2, 60);
INSERT INTO `categorie_fiche` (`cat_id`, `fi_id`) VALUES(3, 61);
INSERT INTO `categorie_fiche` (`cat_id`, `fi_id`) VALUES(3, 62);
INSERT INTO `categorie_fiche` (`cat_id`, `fi_id`) VALUES(6, 63);
INSERT INTO `categorie_fiche` (`cat_id`, `fi_id`) VALUES(5, 64);
INSERT INTO `categorie_fiche` (`cat_id`, `fi_id`) VALUES(1, 65);
INSERT INTO `categorie_fiche` (`cat_id`, `fi_id`) VALUES(1, 66);
INSERT INTO `categorie_fiche` (`cat_id`, `fi_id`) VALUES(6, 67);
INSERT INTO `categorie_fiche` (`cat_id`, `fi_id`) VALUES(6, 68);
INSERT INTO `categorie_fiche` (`cat_id`, `fi_id`) VALUES(6, 69);
INSERT INTO `categorie_fiche` (`cat_id`, `fi_id`) VALUES(1, 70);
INSERT INTO `categorie_fiche` (`cat_id`, `fi_id`) VALUES(1, 71);
INSERT INTO `categorie_fiche` (`cat_id`, `fi_id`) VALUES(1, 72);
INSERT INTO `categorie_fiche` (`cat_id`, `fi_id`) VALUES(1, 73);
INSERT INTO `categorie_fiche` (`cat_id`, `fi_id`) VALUES(6, 74);
INSERT INTO `categorie_fiche` (`cat_id`, `fi_id`) VALUES(6, 75);
INSERT INTO `categorie_fiche` (`cat_id`, `fi_id`) VALUES(1, 76);
INSERT INTO `categorie_fiche` (`cat_id`, `fi_id`) VALUES(1, 77);
INSERT INTO `categorie_fiche` (`cat_id`, `fi_id`) VALUES(1, 78);
INSERT INTO `categorie_fiche` (`cat_id`, `fi_id`) VALUES(2, 79);
INSERT INTO `categorie_fiche` (`cat_id`, `fi_id`) VALUES(1, 80);
INSERT INTO `categorie_fiche` (`cat_id`, `fi_id`) VALUES(3, 81);
INSERT INTO `categorie_fiche` (`cat_id`, `fi_id`) VALUES(4, 82);
INSERT INTO `categorie_fiche` (`cat_id`, `fi_id`) VALUES(3, 83);
INSERT INTO `categorie_fiche` (`cat_id`, `fi_id`) VALUES(6, 84);
INSERT INTO `categorie_fiche` (`cat_id`, `fi_id`) VALUES(1, 85);
INSERT INTO `categorie_fiche` (`cat_id`, `fi_id`) VALUES(5, 86);
INSERT INTO `categorie_fiche` (`cat_id`, `fi_id`) VALUES(3, 87);
INSERT INTO `categorie_fiche` (`cat_id`, `fi_id`) VALUES(3, 88);
INSERT INTO `categorie_fiche` (`cat_id`, `fi_id`) VALUES(2, 89);
INSERT INTO `categorie_fiche` (`cat_id`, `fi_id`) VALUES(3, 90);
INSERT INTO `categorie_fiche` (`cat_id`, `fi_id`) VALUES(4, 91);
INSERT INTO `categorie_fiche` (`cat_id`, `fi_id`) VALUES(3, 92);
INSERT INTO `categorie_fiche` (`cat_id`, `fi_id`) VALUES(6, 93);
INSERT INTO `categorie_fiche` (`cat_id`, `fi_id`) VALUES(5, 94);
INSERT INTO `categorie_fiche` (`cat_id`, `fi_id`) VALUES(2, 95);
INSERT INTO `categorie_fiche` (`cat_id`, `fi_id`) VALUES(3, 96);
INSERT INTO `categorie_fiche` (`cat_id`, `fi_id`) VALUES(5, 97);
INSERT INTO `categorie_fiche` (`cat_id`, `fi_id`) VALUES(6, 98);
INSERT INTO `categorie_fiche` (`cat_id`, `fi_id`) VALUES(2, 99);
INSERT INTO `categorie_fiche` (`cat_id`, `fi_id`) VALUES(4, 100);

